DBSize	R	RDS		RPS	RPS+DS	Ag-RDS	Ag-RPS	Ag-RPS+DS
70K	-	0.247088	0.591155	0.225781	0.385419	0.667554	0.350177	-	0.523585	0.848373	0.264561	0.851813	0.926052	0.416439	-	3.8625	2.771538	0.560382	6.937583	2.835363	0.920714	-	-	14.861544	2.422695	-	14.956918	4.036502
1M	-	2.499639	8.011903	2.306693	4.866164	9.243133	4.466748	-	4.350942	10.209624	2.573397	8.741828	11.554463	5.039446	-	30.609868	25.016034	4.32598	64.989323	26.339667	8.836673	-	-	143.526879	18.406437		-	144.548015	38.565092		
7M	-	16.523177	79.321384	16.154917	38.425719	90.864189	37.237589	-	22.871992	86.978136	16.997619	54.513035	99.044688	39.481876	-	98.120104	150.108972	150.108972	91.63031	144.254976	16.714636	-	-	564.933545	61.897116	-	571.539756	156.224702
