DBSize	R	RDS	RPS	RPS+DS	Ag-RDS	Ag-RPS	Ag-RPS+DS
70K	-	0.247088	0.591155	0.225781	0.144153	0.488543	0.122253	-	0.523585	0.848373	0.264561	0.417392	0.733145	0.161871	-	3.8625	2.771538	0.560382	3.781968	2.642945	0.456784	-	-	14.861544	2.422695	-	14.756498	2.3275
1M	-	2.499639	8.011903	2.306693	1.468292	7.009657	1.276724	-	4.350942	10.209624	2.573397	3.284607	9.195502	1.545361	-	30.609868	25.016034	4.32598	29.978512	24.183446	3.33147	-	-	143.526879	18.406437	-	142.104702	17.358441
7M	-	16.523177	79.321384	16.154917	10.578114	73.007975	10.060085	-	22.871992	86.978136	16.997619	16.715238	75.939472	10.855496	-	98.120104	150.108972	150.108972	91.63031	144.254976	16.714636	-	-	564.933545	61.897116	-	558.35382	55.60709
