Method	R	RDS		RPS	RPS+DS	Ag-R	Ag-RDS		Ag-RPS	Ag-RPS+DS
U10	8.341783	0.200529	6.731357	0.199798	8.311975	0.212394	6.761999	0.209156
U100	23.491401	0.20692	9.128238	0.190878	23.374636	0.231315	9.125102	0.213322
U1000	247.487552	0.480028	23.803935	0.224717	245.585043	0.499568	23.704045	0.235544
U6000	-	-	141.34768	0.39617	-	-	140.777604	0.409954

