Method	RPS+DS	SymEx	GR+DS	
4	0.351633	46.56103	0.19315	
5	0.3884	52.88723	0.18730	
6	0.428743	59.58290	0.18572
7	0.488318	65.75815	0.20918
