Method	R	RDS		RPS	RPS+DS
A2	37.837824	0.577923	0.000702	0.446953
A4	68.210092	0.722003	16.118004	0.463295
A6	89.944182	0.82918	19.41588	0.467967
A8	125.547521	0.998826	23.682288	0.489805
A10	158.249803	1.230166	28.123002	0.503471