Method	R	RDS		RPS	RPS+DS
C2	21.899786	0.569481	0.001335	0.469061
C4	23.534422	0.471655	9.133288	0.455534
C6	26.13042	0.475047	9.418776	0.451248
C8	28.242669	0.480332	9.783467	0.457021
C10	30.491625	0.482603	10.170143	0.454169