;Creation;Exe;Diff;SymEx;GR+DS;RPS+DS;Creation;Exe;Diff;SymEx;GR+DS;RP+DS;Creation;Exe;Diff;SymEx;GR+DS;RPS+DS;Creation;Exe;Diff;SymEx;GR+DS;RPS+DS;Creation;Exe;Diff;SymEx;GR+DS;RP+DS;Creation;Exe;Diff;SymEx;GR+DS;RP+DS
70K(Naive);0.179886;0.074498;0.42629;0;0;0;0.179886;0.570137;0.42629;0;0;0;0.179886;5.491999;0.42629;0;0;0;0.179886;32.400745;0.42629;0;0;0
70K(Mahif);0;0;0;0.07077;0.01014;0.038435;0;0;0;0.64928;0.03188;0.044271;0;0;0;30.17726;0.16857;0.076923;0;0;0;1080.25590;1.61927;0.250486
1M(Naive);1.062233;0.421075;6.192411;0;0;0;1.062233;3.631436;6.192411;0;0;0;1.062233;35.409872;6.192411;0;0;0;1.062233;209.978334;6.192411;0;0;0
1M(Mahif);0;0;0;0.07077;0.01014;0.199798;0;0;0;0.64928;0.03188;0.190878;0;0;0;30.17726;0.16857;0.224717;0;0;0;1080.25590;1.61927;0.39617
7M(Naive);10.628436;4.966766;63.902536;0;0;0;10.628436;45.623939;63.902536;0;0;0;10.628436;461.415431;63.902536;0;0;0;10.628436;2761.85655;63.902536;0;0;0
7M(Mahif);0;0;0;0.07077;0.01014;2.166069;0;0;0;0.64928;0.03188;4.212495;0;0;0;30.17726;0.16857;2.193026;0;0;0;1080.25590;1.61927;2.629354
