Method	RPS+DS	SymEx	GR+DS
4	0.224717	26.15135	0.17085
5	0.234542	30.48444	0.18384
6	0.237554	36.27879	0.17675
7	0.239724	41.23404	0.18508
