DBSize	R	RDS		RPS	RPS+DS
70K	-	0.247088	0.591155	0.225781	-	0.523585	0.848373	0.264561	-	3.8625	2.771538	0.560382	-	-	14.861544	2.422695
1M	-	2.499639	8.011903	2.306693	-	4.350942	10.209624	2.573397	-	30.609868	25.016034	4.32598	-	-	143.526879	18.406437
7M	-	16.523177	79.321384	16.154917	-	22.871992	88.981082	16.997619	-	98.120104	150.108972	28.632114	-	-	564.933545	61.897116
