DBSize	R	RDS		RPS	RPS+DS
70K	-	0.385419	0.667554	0.350177	-	0.851813	0.926052	0.416439	-	6.937583	2.835363	0.920714	-	-	14.956918	4.036502
1M	-	4.866164	9.243133	4.466748	-	8.741828	11.554463	5.039446	-	64.989323	26.339667	8.836673	-	-	144.548015	38.565092
7M	-	38.425719	90.864189	37.237589	-	54.513035	99.044688	39.481876	-	249.852107	159.244935	54.655364	-	-	571.539756	156.224702
