Method	RPS	RPS+DS
D0.1	6.731357	0.199798	
D1	9.096268	0.188293	
D10	23.803935	0.224717
D100	247.487552	0.480028	
