DBSize	RA	RPS+DS
70K	0.616072	0.038435	2.352543	0.044271	23.939627	0.076923
1M	8.341783	0.199798	23.491401	0.190878	247.487552	0.224717
7M	75.278959	2.166069	139.273014	3.905634	939.557755	1.909365
