DBSize	Creation	Exe	Diff	SymEx	GR+DS	RPS+DS
70K	0.179886	0.237082	0.42629	0.07077	0.01014	0.350177	0.179886	0.708518	0.42629	0.64928	0.03188	0.416439	0.179886	7.355309	0.42629	30.17726	0.16857	0.920714	0.179886	35.091903	0.42629	1080.25590	1.61927	4.036502
1M	1.062233	0.121594	6.192411	0.07077	0.01014	4.466748	1.062233	1.030337	6.192411	0.64928	0.03188	5.039446	1.062233	10.71831	6.192411	30.17726	0.16857	8.81308	1.062233	64.271705	6.192411	1080.25590	1.61927	38.565092
7M	10.628436	20.392857	63.902536	0.07077	0.01014	37.237589	10.628436	59.78012	63.902536	0.64928	0.03188	39.481876	10.628436	478.075093	63.902536	30.17726	0.16857	54.655364	10.628436	2811.99478	63.902536	1080.25590	1.61927	156.224702	
