DBSize	Creation	Exe	Diff	SymEx	GR+DS	RPS+DS
70K	0.179886	0.157238	0.42629	0.07077	0.01014	0.225781	0.179886	0.614936	0.42629	0.64928	0.03188	0.264561	0.179886	5.186194	0.42629	30.17726	0.16857	0.560382	0.179886	38.243079	0.42629	1080.25590	1.61927	2.422695
1M	1.062233	0.113456	6.192411	0.07077	0.01014	2.306693	1.062233	0.979975	6.192411	0.64928	0.03188	2.573397	1.062233	9.664778	6.192411	30.17726	0.16857	4.361191	1.062233	68.505268	6.192411	1080.25590	1.61927	18.406437
7M	10.628436	10.424316	63.902536	0.07077	0.01014	16.154917	10.628436	48.952861	63.902536	0.64928	0.03188	16.997619	10.628436	430.913735	63.902536	30.17726	0.16857	28.632114	10.628436	2773.56656	63.902536	1080.25590	1.61927	61.897116	
