DBSize	Creation	Exe	Delta	Naive	SymEx	GR+DS	RPS+DS	Mahif
70K	0.179886	0.074498	0.42629	0.680674	0.07077	0.01014	0.038435	0.119345	0.179886	0.570137	0.42629	1.176313	0.64928	0.03188	0.044271	0.725431	0.179886	5.491999	0.42629	6.098175	30.17726	0.16857	0.076923	30.422753	0.179886	32.400745	0.42629	33.006921	1080.25590	1.61927	0.250486	1082.125656
1M	1.062233	0.421075	6.192411	7.675719	0.07077	0.01014	0.199798	0.280708	1.062233	3.631436	6.192411	10.88608	0.64928	0.03188	0.190878	0.872038	1.062233	35.409872	6.192411	42.664516	30.17726	0.16857	0.224717	30.570547	1.062233	209.978334	6.192411	217.232978	1080.25590	1.61927	0.39617	1082.27134
7M	10.628436	4.966766	63.902536	79.497738	0.07077	0.01014	2.166069	2.246979	10.628436	45.623939	63.902536	120.154911	0.64928	0.03188	4.212495	4.893655	10.628436	461.415431	63.902536	535.946403	30.17726	0.16857	2.193026	32.538856	10.628436	2761.85655	63.902536	2836.387522	1080.25590	1.61927	2.629354	1084.504524
