DBSize	Creation	Exe	Delta	Naive	SymEx	GR+DS	RPS+DS	Mahif
70K	0.179886	0.157238	0.42629	0.763414	0.07077	0.01014	0.225781	0.306691	0.179886	0.614936	0.42629	1.221112	0.64928	0.03188	0.264561	0.945721	0.179886	5.186194	0.42629	5.79237	30.17726	0.16857	0.560382	30.906212	0.179886	38.243079	0.42629	38.849255	1080.25590	1.61927	2.422695	1084.297865
1M	1.062233	0.113456	6.192411	7.3681	0.07077	0.01014	2.306693	2.387603	1.062233	0.979975	6.192411	8.234619	0.64928	0.03188	2.573397	3.254557	1.062233	9.664778	6.192411	16.919422	30.17726	0.16857	4.361191	34.707021	1.062233	68.505268	6.192411	75.759912	1080.25590	1.61927	18.406437	1100.281607
7M	10.628436	10.424316	63.902536	84.955288	0.07077	0.01014	16.154917	16.235827	10.628436	48.952861	63.902536	123.483833	0.64928	0.03188	16.997619	17.678779	10.628436	430.913735	63.902536	505.444707	30.17726	0.16857	28.632114	58.977944	10.628436	2773.56656	63.902536	2848.097532	1080.25590	1.61927	61.897116	1143.772286	
