DBSize	Creation	Exe	Delta
70K	0.179886	0.157238	0.42629	0.179886	0.614936	0.42629	0.179886	5.186194	0.42629	0.179886	38.243079	0.42629
1M	1.062233	0.113456	6.192411	1.062233	0.979975	6.192411	1.062233	9.664778	6.192411	1.062233	68.505268	6.192411
7M	10.628436	10.424316	63.902536	10.628436	48.952861	63.902536	10.628436	430.913735	63.902536	10.628436	2773.56656	63.902536	
