DBSize	SymEx	GR+DS	RPS+DS
70K	0.07077	0.01014	0.225781	0.64928	0.03188	0.264561	30.17726	0.16857	0.560382	1080.25590	1.61927	2.422695
1M	0.07077	0.01014	2.306693	0.64928	0.03188	2.573397	30.17726	0.16857	4.361191	1080.25590	1.61927	18.406437
7M	0.07077	0.01014	16.154917	0.64928	0.03188	16.997619	30.17726	0.16857	28.632114	1080.25590	1.61927	61.897116	
