DBSize	Creation	Exe	Delta	Naive	SymEx	GR+DS	RPS+DS	Mahif
70K	0.179886	0.237082	0.42629	0.843258	0.07077	0.01014	0.350177	0.431087	0.179886	0.708518	0.42629	1.314694	0.64928	0.03188	0.416439	1.097599	0.179886	7.355309	0.42629	7.961485	30.17726	0.16857	0.920714	31.266544	0.179886	35.091903	0.42629	35.698079	1080.25590	1.61927	4.036502	1085.911672
1M	1.062233	0.121594	6.192411	7.376238	0.07077	0.01014	4.466748	4.547658	1.062233	1.030337	6.192411	8.284981	0.64928	0.03188	5.039446	5.720606	1.062233	10.71831	6.192411	17.972954	30.17726	0.16857	8.81308	39.15891	1.062233	64.271705	6.192411	71.526349	1080.25590	1.61927	38.565092	1120.440262
7M	10.628436	20.392857	63.902536	94.923829	0.07077	0.01014	37.237589	37.318499	10.628436	59.78012	63.902536	134.311092	0.64928	0.03188	39.481876	40.163036	10.628436	478.075093	63.902536	552.606065	30.17726	0.16857	54.655364	85.001194	10.628436	2811.99478	63.902536	2886.525752	1080.25590	1.61927	156.224702	1238.099872	
