Modifications,Method,Runtime
1,R,66.418699
1,R+DS,66.418699
1,R+PS,66.418699
1,R+PS+DS,66.418699
2,R,66.418699
2,R+DS,66.418699
2,R+PS,66.418699
2,R+PS+DS,66.418699
5,R,66.418699
5,R+DS,66.418699
5,R+PS,66.418699
5,R+PS+DS,66.418699
10,R,66.418699
10,R+DS,66.418699
10,R+PS,66.418699
10,R+PS+DS,66.418699
20,R,66.418699
20,R+DS,66.418699
20,R+PS,66.418699
20,R+PS+DS,66.418699
